-- phpMyAdmin SQL Dump
-- version 4.8.3
-- https://www.phpmyadmin.net/
--
-- Host: 127.0.0.1
-- Waktu pembuatan: 24 Feb 2021 pada 04.20
-- Versi server: 10.1.36-MariaDB
-- Versi PHP: 7.2.11

SET SQL_MODE = "NO_AUTO_VALUE_ON_ZERO";
SET AUTOCOMMIT = 0;
START TRANSACTION;
SET time_zone = "+00:00";


/*!40101 SET @OLD_CHARACTER_SET_CLIENT=@@CHARACTER_SET_CLIENT */;
/*!40101 SET @OLD_CHARACTER_SET_RESULTS=@@CHARACTER_SET_RESULTS */;
/*!40101 SET @OLD_COLLATION_CONNECTION=@@COLLATION_CONNECTION */;
/*!40101 SET NAMES utf8mb4 */;

--
-- Database: `db_sisrek`
--

-- --------------------------------------------------------

--
-- Struktur dari tabel `angket_peminatan`
--

CREATE TABLE `angket_peminatan` (
  `id` int(10) UNSIGNED NOT NULL,
  `nilai` varchar(20) COLLATE utf8mb4_unicode_ci DEFAULT NULL,
  `id_kriteria` int(10) UNSIGNED NOT NULL,
  `id_user` int(10) UNSIGNED NOT NULL,
  `deleted_at` timestamp NULL DEFAULT NULL,
  `created_at` timestamp NULL DEFAULT NULL,
  `updated_at` timestamp NULL DEFAULT NULL
) ENGINE=InnoDB DEFAULT CHARSET=utf8mb4 COLLATE=utf8mb4_unicode_ci;

--
-- Dumping data untuk tabel `angket_peminatan`
--

INSERT INTO `angket_peminatan` (`id`, `nilai`, `id_kriteria`, `id_user`, `deleted_at`, `created_at`, `updated_at`) VALUES
(1, '80.7', 1, 76, NULL, '2019-07-13 12:25:43', '2019-07-13 12:25:43'),
(2, '81.2', 2, 76, NULL, '2019-07-13 12:25:43', '2019-07-13 12:25:43'),
(3, '80.7', 3, 76, NULL, '2019-07-13 12:25:43', '2019-07-13 12:25:43'),
(4, '83.3', 4, 76, NULL, '2019-07-13 12:25:43', '2019-07-13 12:25:43'),
(5, '83.5', 5, 76, NULL, '2019-07-13 12:25:43', '2019-07-13 12:25:43'),
(6, '65', 6, 76, NULL, '2019-07-13 12:25:43', '2019-07-13 12:25:43'),
(7, '72', 7, 76, NULL, '2019-07-13 12:25:43', '2019-07-13 12:25:43'),
(8, '54', 8, 76, NULL, '2019-07-13 12:25:43', '2019-07-13 12:25:43'),
(9, '67.5', 9, 76, NULL, '2019-07-13 12:25:43', '2019-07-13 12:25:43'),
(10, 'Sangat minat', 10, 76, NULL, '2019-07-13 12:25:43', '2019-07-13 12:25:43'),
(11, 'Cukup', 11, 76, NULL, '2019-07-13 12:25:43', '2019-07-13 12:25:43'),
(12, 'Tidak minat', 12, 76, NULL, '2019-07-13 12:25:43', '2019-07-13 12:25:43'),
(13, '76.2', 1, 77, NULL, '2019-07-13 12:31:02', '2019-07-13 12:31:02'),
(14, '78.2', 2, 77, NULL, '2019-07-13 12:31:03', '2019-07-13 12:31:03'),
(15, '79.7', 3, 77, NULL, '2019-07-13 12:31:03', '2019-07-13 12:31:03'),
(16, '74.7', 4, 77, NULL, '2019-07-13 12:31:03', '2019-07-13 12:31:03'),
(17, '77.8', 5, 77, NULL, '2019-07-13 12:31:03', '2019-07-13 12:31:03'),
(18, '70', 6, 77, NULL, '2019-07-13 12:31:03', '2019-07-13 12:31:03'),
(19, '80', 7, 77, NULL, '2019-07-13 12:31:03', '2019-07-13 12:31:03'),
(20, '74', 8, 77, NULL, '2019-07-13 12:31:03', '2019-07-13 12:31:03'),
(21, '55', 9, 77, NULL, '2019-07-13 12:31:03', '2019-07-13 12:31:03'),
(22, 'Sangat minat', 10, 77, NULL, '2019-07-13 12:31:03', '2019-07-13 12:31:03'),
(23, 'Cukup', 11, 77, NULL, '2019-07-13 12:31:03', '2019-07-13 12:31:03'),
(24, 'Tidak minat', 12, 77, NULL, '2019-07-13 12:31:03', '2019-07-13 12:31:03'),
(25, '80.8', 1, 78, NULL, '2019-07-13 12:32:19', '2019-07-13 12:32:19'),
(26, '85.3', 2, 78, NULL, '2019-07-13 12:32:20', '2019-07-13 12:32:20'),
(27, '87.3', 3, 78, NULL, '2019-07-13 12:32:20', '2019-07-13 12:32:20'),
(28, '79.7', 4, 78, NULL, '2019-07-13 12:32:20', '2019-07-13 12:32:20'),
(29, '79.8', 5, 78, NULL, '2019-07-13 12:32:20', '2019-07-13 12:32:20'),
(30, '75', 6, 78, NULL, '2019-07-13 12:32:20', '2019-07-13 12:32:20'),
(31, '76', 7, 78, NULL, '2019-07-13 12:32:20', '2019-07-13 12:32:20'),
(32, '80', 8, 78, NULL, '2019-07-13 12:32:20', '2019-07-13 12:32:20'),
(33, '50', 9, 78, NULL, '2019-07-13 12:32:20', '2019-07-13 12:32:20'),
(34, 'Sangat minat', 10, 78, NULL, '2019-07-13 12:32:20', '2019-07-13 12:32:20'),
(35, 'Cukup', 11, 78, NULL, '2019-07-13 12:32:20', '2019-07-13 12:32:20'),
(36, 'Kurang minat', 12, 78, NULL, '2019-07-13 12:32:20', '2019-07-13 12:32:20'),
(37, '81.7', 1, 79, NULL, '2019-07-13 12:33:49', '2019-07-13 12:33:49'),
(38, '80.8', 2, 79, NULL, '2019-07-13 12:33:49', '2019-07-13 12:33:49'),
(39, '80.2', 3, 79, NULL, '2019-07-13 12:33:49', '2019-07-13 12:33:49'),
(40, '82.7', 4, 79, NULL, '2019-07-13 12:33:49', '2019-07-13 12:33:49'),
(41, '80.3', 5, 79, NULL, '2019-07-13 12:33:50', '2019-07-13 12:33:50'),
(42, '70', 6, 79, NULL, '2019-07-13 12:33:50', '2019-07-13 12:33:50'),
(43, '96', 7, 79, NULL, '2019-07-13 12:33:50', '2019-07-13 12:33:50'),
(44, '56', 8, 79, NULL, '2019-07-13 12:33:50', '2019-07-13 12:33:50'),
(45, '74.5', 9, 79, NULL, '2019-07-13 12:33:50', '2019-07-13 12:33:50'),
(46, 'Sangat minat', 10, 79, NULL, '2019-07-13 12:33:50', '2019-07-13 12:33:50'),
(47, 'Tidak minat', 11, 79, NULL, '2019-07-13 12:33:50', '2019-07-13 12:33:50'),
(48, 'Minat', 12, 79, NULL, '2019-07-13 12:33:50', '2019-07-13 12:33:50'),
(49, '82.8', 1, 80, NULL, '2019-07-13 12:35:08', '2019-07-13 12:35:08'),
(50, '86.3', 2, 80, NULL, '2019-07-13 12:35:08', '2019-07-13 12:35:08'),
(51, '82.7', 3, 80, NULL, '2019-07-13 12:35:08', '2019-07-13 12:35:08'),
(52, '81.8', 4, 80, NULL, '2019-07-13 12:35:08', '2019-07-13 12:35:08'),
(53, '81.5', 5, 80, NULL, '2019-07-13 12:35:08', '2019-07-13 12:35:08'),
(54, '63.5', 6, 80, NULL, '2019-07-13 12:35:08', '2019-07-13 12:35:08'),
(55, '86', 7, 80, NULL, '2019-07-13 12:35:08', '2019-07-13 12:35:08'),
(56, '72', 8, 80, NULL, '2019-07-13 12:35:08', '2019-07-13 12:35:08'),
(57, '65', 9, 80, NULL, '2019-07-13 12:35:08', '2019-07-13 12:35:08'),
(58, 'Sangat minat', 10, 80, NULL, '2019-07-13 12:35:08', '2019-07-13 12:35:08'),
(59, 'Cukup', 11, 80, NULL, '2019-07-13 12:35:08', '2019-07-13 12:35:08'),
(60, 'Tidak minat', 12, 80, NULL, '2019-07-13 12:35:09', '2019-07-13 12:35:09'),
(61, '88.5', 1, 81, NULL, '2019-07-13 12:36:24', '2019-07-13 12:36:24'),
(62, '81.7', 2, 81, NULL, '2019-07-13 12:36:24', '2019-07-13 12:36:24'),
(63, '79.7', 3, 81, NULL, '2019-07-13 12:36:24', '2019-07-13 12:36:24'),
(64, '81.2', 4, 81, NULL, '2019-07-13 12:36:24', '2019-07-13 12:36:24'),
(65, '77.8', 5, 81, NULL, '2019-07-13 12:36:24', '2019-07-13 12:36:24'),
(66, '82.5', 6, 81, NULL, '2019-07-13 12:36:24', '2019-07-13 12:36:24'),
(67, '78', 7, 81, NULL, '2019-07-13 12:36:24', '2019-07-13 12:36:24'),
(68, '76', 8, 81, NULL, '2019-07-13 12:36:24', '2019-07-13 12:36:24'),
(69, '75', 9, 81, NULL, '2019-07-13 12:36:24', '2019-07-13 12:36:24'),
(70, 'Sangat minat', 10, 81, NULL, '2019-07-13 12:36:24', '2019-07-13 12:36:24'),
(71, 'Cukup', 11, 81, NULL, '2019-07-13 12:36:24', '2019-07-13 12:36:24'),
(72, 'Tidak minat', 12, 81, NULL, '2019-07-13 12:36:24', '2019-07-13 12:36:24'),
(73, '79.8', 1, 82, NULL, '2019-07-13 12:37:40', '2019-07-13 12:37:40'),
(74, '85.3', 2, 82, NULL, '2019-07-13 12:37:40', '2019-07-13 12:37:40'),
(75, '86.8', 3, 82, NULL, '2019-07-13 12:37:40', '2019-07-13 12:37:40'),
(76, '85.6', 4, 82, NULL, '2019-07-13 12:37:40', '2019-07-13 12:37:40'),
(77, '83.3', 5, 82, NULL, '2019-07-13 12:37:40', '2019-07-13 12:37:40'),
(78, '75', 6, 82, NULL, '2019-07-13 12:37:40', '2019-07-13 12:37:40'),
(79, '80', 7, 82, NULL, '2019-07-13 12:37:40', '2019-07-13 12:37:40'),
(80, '74', 8, 82, NULL, '2019-07-13 12:37:40', '2019-07-13 12:37:40'),
(81, '70', 9, 82, NULL, '2019-07-13 12:37:40', '2019-07-13 12:37:40'),
(82, 'Sangat minat', 10, 82, NULL, '2019-07-13 12:37:40', '2019-07-13 12:37:40'),
(83, 'Cukup', 11, 82, NULL, '2019-07-13 12:37:40', '2019-07-13 12:37:40'),
(84, 'Tidak minat', 12, 82, NULL, '2019-07-13 12:37:40', '2019-07-13 12:37:40'),
(85, '83.5', 1, 83, NULL, '2019-07-13 12:38:55', '2019-07-13 12:38:55'),
(86, '84.7', 2, 83, NULL, '2019-07-13 12:38:56', '2019-07-13 12:38:56'),
(87, '80', 3, 83, NULL, '2019-07-13 12:38:56', '2019-07-13 12:38:56'),
(88, '84.8', 4, 83, NULL, '2019-07-13 12:38:56', '2019-07-13 12:38:56'),
(89, '80', 5, 83, NULL, '2019-07-13 12:38:56', '2019-07-13 12:38:56'),
(90, '67', 6, 83, NULL, '2019-07-13 12:38:56', '2019-07-13 12:38:56'),
(91, '80', 7, 83, NULL, '2019-07-13 12:38:56', '2019-07-13 12:38:56'),
(92, '72', 8, 83, NULL, '2019-07-13 12:38:56', '2019-07-13 12:38:56'),
(93, '75', 9, 83, NULL, '2019-07-13 12:38:56', '2019-07-13 12:38:56'),
(94, 'Sangat minat', 10, 83, NULL, '2019-07-13 12:38:56', '2019-07-13 12:38:56'),
(95, 'Kurang minat', 11, 83, NULL, '2019-07-13 12:38:56', '2019-07-13 12:38:56'),
(96, 'Tidak minat', 12, 83, NULL, '2019-07-13 12:38:56', '2019-07-13 12:38:56'),
(97, '85.5', 1, 84, NULL, '2019-07-13 12:40:13', '2019-07-13 12:40:13'),
(98, '84.3', 2, 84, NULL, '2019-07-13 12:40:13', '2019-07-13 12:40:13'),
(99, '77.5', 3, 84, NULL, '2019-07-13 12:40:13', '2019-07-13 12:40:13'),
(100, '82', 4, 84, NULL, '2019-07-13 12:40:13', '2019-07-13 12:40:13'),
(101, '83.3', 5, 84, NULL, '2019-07-13 12:40:13', '2019-07-13 12:40:13'),
(102, '85', 6, 84, NULL, '2019-07-13 12:40:13', '2019-07-13 12:40:13'),
(103, '84', 7, 84, NULL, '2019-07-13 12:40:13', '2019-07-13 12:40:13'),
(104, '70', 8, 84, NULL, '2019-07-13 12:40:13', '2019-07-13 12:40:13'),
(105, '77.5', 9, 84, NULL, '2019-07-13 12:40:14', '2019-07-13 12:40:14'),
(106, 'Sangat minat', 10, 84, NULL, '2019-07-13 12:40:14', '2019-07-13 12:40:14'),
(107, 'Cukup', 11, 84, NULL, '2019-07-13 12:40:14', '2019-07-13 12:40:14'),
(108, 'Tidak minat', 12, 84, NULL, '2019-07-13 12:40:14', '2019-07-13 12:40:14'),
(109, '79', 1, 85, NULL, '2019-07-13 12:42:44', '2019-07-13 12:42:44'),
(110, '85.8', 2, 85, NULL, '2019-07-13 12:42:44', '2019-07-13 12:42:44'),
(111, '82.2', 3, 85, NULL, '2019-07-13 12:42:44', '2019-07-13 12:42:44'),
(112, '78.5', 4, 85, NULL, '2019-07-13 12:42:44', '2019-07-13 12:42:44'),
(113, '78.2', 5, 85, NULL, '2019-07-13 12:42:44', '2019-07-13 12:42:44'),
(114, '57.5', 6, 85, NULL, '2019-07-13 12:42:44', '2019-07-13 12:42:44'),
(115, '86', 7, 85, NULL, '2019-07-13 12:42:44', '2019-07-13 12:42:44'),
(116, '64', 8, 85, NULL, '2019-07-13 12:42:44', '2019-07-13 12:42:44'),
(117, '52.5', 9, 85, NULL, '2019-07-13 12:42:44', '2019-07-13 12:42:44'),
(118, 'Sangat minat', 10, 85, NULL, '2019-07-13 12:42:44', '2019-07-13 12:42:44'),
(119, 'Tidak minat', 11, 85, NULL, '2019-07-13 12:42:44', '2019-07-13 12:42:44'),
(120, 'Cukup', 12, 85, NULL, '2019-07-13 12:42:44', '2019-07-13 12:42:44'),
(121, '76.3', 1, 86, NULL, '2019-07-13 12:44:07', '2019-07-13 12:44:07'),
(122, '77.5', 2, 86, NULL, '2019-07-13 12:44:07', '2019-07-13 12:44:07'),
(123, '77.7', 3, 86, NULL, '2019-07-13 12:44:07', '2019-07-13 12:44:07'),
(124, '74.5', 4, 86, NULL, '2019-07-13 12:44:07', '2019-07-13 12:44:07'),
(125, '76.3', 5, 86, NULL, '2019-07-13 12:44:07', '2019-07-13 12:44:07'),
(126, '52.5', 6, 86, NULL, '2019-07-13 12:44:07', '2019-07-13 12:44:07'),
(127, '70', 7, 86, NULL, '2019-07-13 12:44:07', '2019-07-13 12:44:07'),
(128, '52', 8, 86, NULL, '2019-07-13 12:44:07', '2019-07-13 12:44:07'),
(129, '57.5', 9, 86, NULL, '2019-07-13 12:44:07', '2019-07-13 12:44:07'),
(130, 'Sangat minat', 10, 86, NULL, '2019-07-13 12:44:07', '2019-07-13 12:44:07'),
(131, 'Tidak minat', 11, 86, NULL, '2019-07-13 12:44:07', '2019-07-13 12:44:07'),
(132, 'Cukup', 12, 86, NULL, '2019-07-13 12:44:07', '2019-07-13 12:44:07'),
(133, '82.6', 1, 87, NULL, '2019-07-13 12:49:11', '2019-07-13 12:49:11'),
(134, '88', 2, 87, NULL, '2019-07-13 12:49:11', '2019-07-13 12:49:11'),
(135, '69.5', 3, 87, NULL, '2019-07-13 12:49:11', '2019-07-13 12:49:11'),
(136, '84.1', 4, 87, NULL, '2019-07-13 12:49:11', '2019-07-13 12:49:11'),
(137, '84.4', 5, 87, NULL, '2019-07-13 12:49:11', '2019-07-13 12:49:11'),
(138, '40', 6, 87, NULL, '2019-07-13 12:49:11', '2019-07-13 12:49:11'),
(139, '76', 7, 87, NULL, '2019-07-13 12:49:11', '2019-07-13 12:49:11'),
(140, '44', 8, 87, NULL, '2019-07-13 12:49:12', '2019-07-13 12:49:12'),
(141, '47.5', 9, 87, NULL, '2019-07-13 12:49:12', '2019-07-13 12:49:12'),
(142, 'Cukup', 10, 87, NULL, '2019-07-13 12:49:12', '2019-07-13 12:49:12'),
(143, 'Sangat minat', 11, 87, NULL, '2019-07-13 12:49:12', '2019-07-13 12:49:12'),
(144, 'Tidak minat', 12, 87, NULL, '2019-07-13 12:49:12', '2019-07-13 12:49:12'),
(145, '80.1', 1, 88, NULL, '2019-07-13 12:51:02', '2019-07-13 12:51:02'),
(146, '40.2', 2, 88, NULL, '2019-07-13 12:51:02', '2019-07-13 12:51:02'),
(147, '52.3', 3, 88, NULL, '2019-07-13 12:51:02', '2019-07-13 12:51:02'),
(148, '81.2', 4, 88, NULL, '2019-07-13 12:51:02', '2019-07-13 12:51:02'),
(149, '82', 5, 88, NULL, '2019-07-13 12:51:02', '2019-07-13 12:51:02'),
(150, '42.5', 6, 88, NULL, '2019-07-13 12:51:02', '2019-07-13 12:51:02'),
(151, '86', 7, 88, NULL, '2019-07-13 12:51:02', '2019-07-13 12:51:02'),
(152, '64', 8, 88, NULL, '2019-07-13 12:51:02', '2019-07-13 12:51:02'),
(153, '62.5', 9, 88, NULL, '2019-07-13 12:51:02', '2019-07-13 12:51:02'),
(154, 'Sangat minat', 10, 88, NULL, '2019-07-13 12:51:02', '2019-07-13 12:51:02'),
(155, 'Cukup', 11, 88, NULL, '2019-07-13 12:51:02', '2019-07-13 12:51:02'),
(156, 'Tidak minat', 12, 88, NULL, '2019-07-13 12:51:02', '2019-07-13 12:51:02'),
(157, '77.8', 1, 89, NULL, '2019-07-13 12:52:10', '2019-07-13 12:52:10'),
(158, '84.3', 2, 89, NULL, '2019-07-13 12:52:10', '2019-07-13 12:52:10'),
(159, '84.3', 3, 89, NULL, '2019-07-13 12:52:10', '2019-07-13 12:52:10'),
(160, '80.5', 4, 89, NULL, '2019-07-13 12:52:10', '2019-07-13 12:52:10'),
(161, '81', 5, 89, NULL, '2019-07-13 12:52:10', '2019-07-13 12:52:10'),
(162, '45', 6, 89, NULL, '2019-07-13 12:52:10', '2019-07-13 12:52:10'),
(163, '80', 7, 89, NULL, '2019-07-13 12:52:10', '2019-07-13 12:52:10'),
(164, '62', 8, 89, NULL, '2019-07-13 12:52:10', '2019-07-13 12:52:10'),
(165, '60', 9, 89, NULL, '2019-07-13 12:52:10', '2019-07-13 12:52:10'),
(166, 'Tidak minat', 10, 89, NULL, '2019-07-13 12:52:11', '2019-07-13 12:52:11'),
(167, 'Sangat minat', 11, 89, NULL, '2019-07-13 12:52:11', '2019-07-13 12:52:11'),
(168, 'Cukup', 12, 89, NULL, '2019-07-13 12:52:11', '2019-07-13 12:52:11'),
(169, '74.7', 1, 90, NULL, '2019-07-13 12:53:28', '2019-07-13 12:53:28'),
(170, '87.2', 2, 90, NULL, '2019-07-13 12:53:28', '2019-07-13 12:53:28'),
(171, '82.7', 3, 90, NULL, '2019-07-13 12:53:28', '2019-07-13 12:53:28'),
(172, '76.7', 4, 90, NULL, '2019-07-13 12:53:28', '2019-07-13 12:53:28'),
(173, '80.7', 5, 90, NULL, '2019-07-13 12:53:28', '2019-07-13 12:53:28'),
(174, '37.5', 6, 90, NULL, '2019-07-13 12:53:28', '2019-07-13 12:53:28'),
(175, '80', 7, 90, NULL, '2019-07-13 12:53:28', '2019-07-13 12:53:28'),
(176, '74', 8, 90, NULL, '2019-07-13 12:53:28', '2019-07-13 12:53:28'),
(177, '57.5', 9, 90, NULL, '2019-07-13 12:53:28', '2019-07-13 12:53:28'),
(178, 'Cukup', 10, 90, NULL, '2019-07-13 12:53:28', '2019-07-13 12:53:28'),
(179, 'Sangat minat', 11, 90, NULL, '2019-07-13 12:53:28', '2019-07-13 12:53:28'),
(180, 'Tidak minat', 12, 90, NULL, '2019-07-13 12:53:28', '2019-07-13 12:53:28'),
(181, '81.2', 1, 91, NULL, '2019-07-13 12:59:24', '2019-07-13 12:59:24'),
(182, '85.5', 2, 91, NULL, '2019-07-13 12:59:25', '2019-07-13 12:59:25'),
(183, '84.2', 3, 91, NULL, '2019-07-13 12:59:25', '2019-07-13 12:59:25'),
(184, '82.5', 4, 91, NULL, '2019-07-13 12:59:25', '2019-07-13 12:59:25'),
(185, '81.5', 5, 91, NULL, '2019-07-13 12:59:25', '2019-07-13 12:59:25'),
(186, '62.5', 6, 91, NULL, '2019-07-13 12:59:25', '2019-07-13 12:59:25'),
(187, '84', 7, 91, NULL, '2019-07-13 12:59:25', '2019-07-13 12:59:25'),
(188, '78', 8, 91, NULL, '2019-07-13 12:59:25', '2019-07-13 12:59:25'),
(189, '5.25', 9, 91, NULL, '2019-07-13 12:59:25', '2019-07-13 12:59:25'),
(190, 'Tidak minat', 10, 91, NULL, '2019-07-13 12:59:25', '2019-07-13 12:59:25'),
(191, 'Cukup', 11, 91, NULL, '2019-07-13 12:59:25', '2019-07-13 12:59:25'),
(192, 'Sangat minat', 12, 91, NULL, '2019-07-13 12:59:25', '2019-07-13 12:59:25'),
(193, '78.3', 1, 92, NULL, '2019-07-13 13:01:52', '2019-07-13 13:01:52'),
(194, '81.8', 2, 92, NULL, '2019-07-13 13:01:52', '2019-07-13 13:01:52'),
(195, '79.3', 3, 92, NULL, '2019-07-13 13:01:52', '2019-07-13 13:01:52'),
(196, '79.8', 4, 92, NULL, '2019-07-13 13:01:52', '2019-07-13 13:01:52'),
(197, '77.7', 5, 92, NULL, '2019-07-13 13:01:52', '2019-07-13 13:01:52'),
(198, '45', 6, 92, NULL, '2019-07-13 13:01:52', '2019-07-13 13:01:52'),
(199, '74', 7, 92, NULL, '2019-07-13 13:01:52', '2019-07-13 13:01:52'),
(200, '48', 8, 92, NULL, '2019-07-13 13:01:52', '2019-07-13 13:01:52'),
(201, '72.5', 9, 92, NULL, '2019-07-13 13:01:52', '2019-07-13 13:01:52'),
(202, 'Tidak minat', 10, 92, NULL, '2019-07-13 13:01:52', '2019-07-13 13:01:52'),
(203, 'Cukup', 11, 92, NULL, '2019-07-13 13:01:52', '2019-07-13 13:01:52'),
(204, 'Sangat minat', 12, 92, NULL, '2019-07-13 13:01:52', '2019-07-13 13:01:52'),
(205, '78.3', 1, 93, NULL, '2019-07-13 13:03:11', '2019-07-13 13:03:11'),
(206, '80.2', 2, 93, NULL, '2019-07-13 13:03:11', '2019-07-13 13:03:11'),
(207, '82.5', 3, 93, NULL, '2019-07-13 13:03:11', '2019-07-13 13:03:11'),
(208, '80', 4, 93, NULL, '2019-07-13 13:03:11', '2019-07-13 13:03:11'),
(209, '80', 5, 93, NULL, '2019-07-13 13:03:11', '2019-07-13 13:03:11'),
(210, '47.5', 6, 93, NULL, '2019-07-13 13:03:11', '2019-07-13 13:03:11'),
(211, '80', 7, 93, NULL, '2019-07-13 13:03:11', '2019-07-13 13:03:11'),
(212, '66', 8, 93, NULL, '2019-07-13 13:03:11', '2019-07-13 13:03:11'),
(213, '50', 9, 93, NULL, '2019-07-13 13:03:11', '2019-07-13 13:03:11'),
(214, 'Cukup', 10, 93, NULL, '2019-07-13 13:03:12', '2019-07-13 13:03:12'),
(215, 'Tidak minat', 11, 93, NULL, '2019-07-13 13:03:12', '2019-07-13 13:03:12'),
(216, 'Sangat minat', 12, 93, NULL, '2019-07-13 13:03:12', '2019-07-13 13:03:12'),
(217, '77.8', 1, 94, NULL, '2019-07-13 13:04:30', '2019-07-13 13:04:30'),
(218, '80.2', 2, 94, NULL, '2019-07-13 13:04:30', '2019-07-13 13:04:30'),
(219, '80.5', 3, 94, NULL, '2019-07-13 13:04:30', '2019-07-13 13:04:30'),
(220, '81.3', 4, 94, NULL, '2019-07-13 13:04:30', '2019-07-13 13:04:30'),
(221, '79.2', 5, 94, NULL, '2019-07-13 13:04:30', '2019-07-13 13:04:30'),
(222, '47.5', 6, 94, NULL, '2019-07-13 13:04:30', '2019-07-13 13:04:30'),
(223, '78', 7, 94, NULL, '2019-07-13 13:04:30', '2019-07-13 13:04:30'),
(224, '74', 8, 94, NULL, '2019-07-13 13:04:30', '2019-07-13 13:04:30'),
(225, '37.5', 9, 94, NULL, '2019-07-13 13:04:30', '2019-07-13 13:04:30'),
(226, 'Tidak minat', 10, 94, NULL, '2019-07-13 13:04:30', '2019-07-13 13:04:30'),
(227, 'Cukup', 11, 94, NULL, '2019-07-13 13:04:30', '2019-07-13 13:04:30'),
(228, 'Sangat minat', 12, 94, NULL, '2019-07-13 13:04:30', '2019-07-13 13:04:30'),
(229, '73.8', 1, 95, NULL, '2019-07-13 13:05:58', '2019-07-13 13:05:58'),
(230, '80.2', 2, 95, NULL, '2019-07-13 13:05:58', '2019-07-13 13:05:58'),
(231, '80.5', 3, 95, NULL, '2019-07-13 13:05:58', '2019-07-13 13:05:58'),
(232, '81.3', 4, 95, NULL, '2019-07-13 13:05:58', '2019-07-13 13:05:58'),
(233, '79.2', 5, 95, NULL, '2019-07-13 13:05:58', '2019-07-13 13:05:58'),
(234, '47.5', 6, 95, NULL, '2019-07-13 13:05:59', '2019-07-13 13:05:59'),
(235, '78', 7, 95, NULL, '2019-07-13 13:05:59', '2019-07-13 13:05:59'),
(236, '74', 8, 95, NULL, '2019-07-13 13:05:59', '2019-07-13 13:05:59'),
(237, '37.5', 9, 95, NULL, '2019-07-13 13:05:59', '2019-07-13 13:05:59'),
(238, 'Tidak minat', 10, 95, NULL, '2019-07-13 13:05:59', '2019-07-13 13:05:59'),
(239, 'Cukup', 11, 95, NULL, '2019-07-13 13:05:59', '2019-07-13 13:05:59'),
(240, 'Sangat minat', 12, 95, NULL, '2019-07-13 13:05:59', '2019-07-13 13:05:59');

-- --------------------------------------------------------

--
-- Struktur dari tabel `kriteria`
--

CREATE TABLE `kriteria` (
  `id` int(10) UNSIGNED NOT NULL,
  `id_kriteria_peminatan` int(10) UNSIGNED NOT NULL,
  `kriteria` varchar(191) COLLATE utf8mb4_unicode_ci NOT NULL,
  `bobot_prioritas_ipa` double DEFAULT NULL,
  `bobot_prioritas_ips` double DEFAULT NULL,
  `bobot_prioritas_bhs` double DEFAULT NULL,
  `kategori` tinyint(1) NOT NULL DEFAULT '1',
  `klasifikasi_nilai` tinyint(1) NOT NULL DEFAULT '1',
  `created_at` timestamp NULL DEFAULT NULL,
  `updated_at` timestamp NULL DEFAULT NULL,
  `deleted_at` timestamp NULL DEFAULT NULL
) ENGINE=InnoDB DEFAULT CHARSET=utf8mb4 COLLATE=utf8mb4_unicode_ci;

--
-- Dumping data untuk tabel `kriteria`
--

INSERT INTO `kriteria` (`id`, `id_kriteria_peminatan`, `kriteria`, `bobot_prioritas_ipa`, `bobot_prioritas_ips`, `bobot_prioritas_bhs`, `kategori`, `klasifikasi_nilai`, `created_at`, `updated_at`, `deleted_at`) VALUES
(1, 1, 'Rerata nilai raport MTK smster 1 - 6', 0.1907218, 0.1611503, 0.1551514, 1, 1, '2019-07-13 11:04:19', '2019-07-13 12:19:04', NULL),
(2, 1, 'Rerata nilai raport B.Ind smster 1 - 6', 0.203502, 0.162571, 0.184893, 1, 1, '2019-07-13 11:04:19', '2019-07-13 12:19:04', NULL),
(3, 1, 'Rerata nilai raport B.Ing smster 1 - 6', 0.11729, 0.102966, 0.144823, 1, 1, '2019-07-13 11:04:19', '2019-07-13 12:19:04', NULL),
(4, 1, 'Rerata nilai raport IPA smster 1 - 6', 0.090888, 0.121252, 0.10199, 1, 1, '2019-07-13 11:04:19', '2019-07-13 12:19:04', NULL),
(5, 1, 'Rerata nilai raport IPS smster 1 - 6', 0.078385, 0.079998, 0.101272, 1, 1, '2019-07-13 11:04:19', '2019-07-13 12:19:04', NULL),
(6, 1, 'Nilai UN MTK', 0.069833, 0.091853, 0.06281, 1, 1, '2019-07-13 11:04:19', '2019-07-13 12:19:04', NULL),
(7, 1, 'Nilai UN B.Ind', 0.049645, 0.095847, 0.058293, 1, 1, '2019-07-13 11:04:19', '2019-07-13 12:19:04', NULL),
(8, 1, 'Nilai UN B.Ing', 0.057233, 0.042925, 0.059504, 1, 1, '2019-07-13 11:04:19', '2019-07-13 12:19:04', NULL),
(9, 1, 'Nilai UN IPA', 0.039244, 0.040267, 0.035177, 1, 1, '2019-07-13 11:04:19', '2019-07-13 12:19:04', NULL),
(10, 1, 'Minat siswa (MIPA)', 0.032261, 0.029383, 0.034264, 3, 2, '2019-07-13 11:04:19', '2019-07-13 12:19:04', NULL),
(11, 1, 'Minat siswa (IPS)', 0.040196, 0.033919, 0.035238, 3, 2, '2019-07-13 11:04:19', '2019-07-13 12:19:04', NULL),
(12, 1, 'Minat siswa (Bahasa & Budaya)', 0.030803, 0.037869, 0.026586, 3, 2, '2019-07-13 11:04:19', '2019-07-13 12:19:04', NULL);

-- --------------------------------------------------------

--
-- Struktur dari tabel `kriteria_peminatan`
--

CREATE TABLE `kriteria_peminatan` (
  `id` int(10) UNSIGNED NOT NULL,
  `kode_kriteria` varchar(191) COLLATE utf8mb4_unicode_ci NOT NULL,
  `jumlah` int(11) NOT NULL,
  `status` tinyint(1) NOT NULL DEFAULT '0',
  `status_bobot` tinyint(1) NOT NULL DEFAULT '0',
  `created_at` timestamp NULL DEFAULT NULL,
  `updated_at` timestamp NULL DEFAULT NULL,
  `deleted_at` timestamp NULL DEFAULT NULL
) ENGINE=InnoDB DEFAULT CHARSET=utf8mb4 COLLATE=utf8mb4_unicode_ci;

--
-- Dumping data untuk tabel `kriteria_peminatan`
--

INSERT INTO `kriteria_peminatan` (`id`, `kode_kriteria`, `jumlah`, `status`, `status_bobot`, `created_at`, `updated_at`, `deleted_at`) VALUES
(1, 'kriteria_119', 12, 0, 1, '2019-07-13 11:04:19', '2019-07-13 12:19:04', NULL);

-- --------------------------------------------------------

--
-- Struktur dari tabel `migrations`
--

CREATE TABLE `migrations` (
  `id` int(10) UNSIGNED NOT NULL,
  `migration` varchar(191) COLLATE utf8mb4_unicode_ci NOT NULL,
  `batch` int(11) NOT NULL
) ENGINE=InnoDB DEFAULT CHARSET=utf8mb4 COLLATE=utf8mb4_unicode_ci;

--
-- Dumping data untuk tabel `migrations`
--

INSERT INTO `migrations` (`id`, `migration`, `batch`) VALUES
(9, '2018_11_15_134538_create_admins_table', 1),
(10, '2014_10_12_000000_create_users_table', 2),
(11, '2014_10_12_100000_create_password_resets_table', 2),
(12, '2018_11_19_063734_create_kriteria_table', 3),
(13, '2018_11_21_125036_add_deleted_at_column_to_users_table', 4),
(14, '2018_11_26_181250_create_kriteria_table', 5),
(15, '2018_11_26_182704_add_deleted_at_column', 5),
(16, '2018_11_27_130307_create_rombel_table', 6),
(17, '2018_11_27_130452_add_deleted_at_column', 6),
(18, '2018_11_29_145006_create_angket_peminatan_tabel', 7),
(19, '2018_12_03_154404_create_psikotest_table', 8),
(20, '2018_12_03_154701_create_soal_psikotest_table', 8),
(21, '2018_12_12_225002_create_nilai_peminatan_table', 9),
(22, '2018_12_12_225842_create_rekomendasi_peminatan_table', 9),
(23, '2018_12_13_234634_create_pengumuman_table', 10),
(24, '2019_02_14_062419_create_kriteria_peminatan_table', 11),
(25, '2019_02_14_062825_create_kriteria_peminatans_table', 12),
(26, '2019_04_28_081613_create_record_kriteria_peminatan_table', 12);

-- --------------------------------------------------------

--
-- Struktur dari tabel `nilai_peminatan`
--

CREATE TABLE `nilai_peminatan` (
  `id` int(10) UNSIGNED NOT NULL,
  `nilai_ipa` float NOT NULL,
  `nilai_ips` float NOT NULL,
  `nilai_bahasa` float NOT NULL,
  `id_user` int(10) UNSIGNED NOT NULL,
  `created_at` timestamp NULL DEFAULT NULL,
  `updated_at` timestamp NULL DEFAULT NULL,
  `deleted_at` timestamp NULL DEFAULT NULL
) ENGINE=InnoDB DEFAULT CHARSET=utf8mb4 COLLATE=utf8mb4_unicode_ci;

--
-- Dumping data untuk tabel `nilai_peminatan`
--

INSERT INTO `nilai_peminatan` (`id`, `nilai_ipa`, `nilai_ips`, `nilai_bahasa`, `id_user`, `created_at`, `updated_at`, `deleted_at`) VALUES
(81, 0.691031, 0.67754, 0.701338, 76, '2019-07-13 14:54:50', '2019-07-13 14:54:50', NULL),
(82, 0.739382, 0.723352, 0.750218, 77, '2019-07-13 14:54:50', '2019-07-13 14:54:50', NULL),
(83, 0.849018, 0.827927, 0.858901, 78, '2019-07-13 14:54:50', '2019-07-13 14:54:50', NULL),
(84, 0.749651, 0.769072, 0.759173, 79, '2019-07-13 14:54:50', '2019-07-13 14:54:50', NULL),
(85, 0.776909, 0.752546, 0.787163, 80, '2019-07-13 14:54:50', '2019-07-13 14:54:50', NULL),
(86, 0.836503, 0.821101, 0.833394, 81, '2019-07-13 14:54:50', '2019-07-13 14:54:50', NULL),
(87, 0.878661, 0.864089, 0.890807, 82, '2019-07-13 14:54:51', '2019-07-13 14:54:51', NULL),
(88, 0.757506, 0.743412, 0.766622, 83, '2019-07-13 14:54:51', '2019-07-13 14:54:51', NULL),
(89, 0.817425, 0.806793, 0.813559, 84, '2019-07-13 14:54:51', '2019-07-13 14:54:51', NULL),
(90, 0.734996, 0.725509, 0.744033, 85, '2019-07-13 14:54:51', '2019-07-13 14:54:51', NULL),
(91, 0.664263, 0.646528, 0.674492, 86, '2019-07-13 14:54:51', '2019-07-13 14:54:51', NULL),
(92, 0.702676, 0.680833, 0.700019, 87, '2019-07-13 14:54:51', '2019-07-13 14:54:51', NULL),
(93, 0.527482, 0.550518, 0.536412, 88, '2019-07-13 14:54:51', '2019-07-13 14:54:51', NULL),
(94, 0.68054, 0.669326, 0.68693, 89, '2019-07-13 14:54:51', '2019-07-13 14:54:51', NULL),
(95, 0.770154, 0.735191, 0.775894, 90, '2019-07-13 14:54:51', '2019-07-13 14:54:51', NULL),
(96, 0.765814, 0.740165, 0.769362, 91, '2019-07-13 14:54:51', '2019-07-13 14:54:51', NULL),
(97, 0.702945, 0.697751, 0.706921, 92, '2019-07-13 14:54:51', '2019-07-13 14:54:51', NULL),
(98, 0.692686, 0.6834, 0.702915, 93, '2019-07-13 14:54:51', '2019-07-13 14:54:51', NULL),
(99, 0.714938, 0.699523, 0.723139, 94, '2019-07-13 14:54:51', '2019-07-13 14:54:51', NULL),
(100, 0.714938, 0.699523, 0.723139, 95, '2019-07-13 14:54:51', '2019-07-13 14:54:51', NULL),
(101, 0.691031, 0.67754, 0.701338, 76, '2019-07-25 19:24:59', '2019-07-25 19:24:59', NULL),
(102, 0.739382, 0.723352, 0.750218, 77, '2019-07-25 19:24:59', '2019-07-25 19:24:59', NULL),
(103, 0.849018, 0.827927, 0.858901, 78, '2019-07-25 19:24:59', '2019-07-25 19:24:59', NULL),
(104, 0.749651, 0.769072, 0.759173, 79, '2019-07-25 19:24:59', '2019-07-25 19:24:59', NULL),
(105, 0.776909, 0.752546, 0.787163, 80, '2019-07-25 19:24:59', '2019-07-25 19:24:59', NULL),
(106, 0.836503, 0.821101, 0.833394, 81, '2019-07-25 19:24:59', '2019-07-25 19:24:59', NULL),
(107, 0.878661, 0.864089, 0.890807, 82, '2019-07-25 19:24:59', '2019-07-25 19:24:59', NULL),
(108, 0.757506, 0.743412, 0.766622, 83, '2019-07-25 19:25:00', '2019-07-25 19:25:00', NULL),
(109, 0.817425, 0.806793, 0.813559, 84, '2019-07-25 19:25:00', '2019-07-25 19:25:00', NULL),
(110, 0.734996, 0.725509, 0.744033, 85, '2019-07-25 19:25:00', '2019-07-25 19:25:00', NULL),
(111, 0.664263, 0.646528, 0.674492, 86, '2019-07-25 19:25:00', '2019-07-25 19:25:00', NULL),
(112, 0.702676, 0.680833, 0.700019, 87, '2019-07-25 19:25:00', '2019-07-25 19:25:00', NULL),
(113, 0.527482, 0.550518, 0.536412, 88, '2019-07-25 19:25:00', '2019-07-25 19:25:00', NULL),
(114, 0.68054, 0.669326, 0.68693, 89, '2019-07-25 19:25:00', '2019-07-25 19:25:00', NULL),
(115, 0.770154, 0.735191, 0.775894, 90, '2019-07-25 19:25:00', '2019-07-25 19:25:00', NULL),
(116, 0.765814, 0.740165, 0.769362, 91, '2019-07-25 19:25:00', '2019-07-25 19:25:00', NULL),
(117, 0.702945, 0.697751, 0.706921, 92, '2019-07-25 19:25:00', '2019-07-25 19:25:00', NULL),
(118, 0.692686, 0.6834, 0.702915, 93, '2019-07-25 19:25:00', '2019-07-25 19:25:00', NULL),
(119, 0.714938, 0.699523, 0.723139, 94, '2019-07-25 19:25:00', '2019-07-25 19:25:00', NULL),
(120, 0.714938, 0.699523, 0.723139, 95, '2019-07-25 19:25:00', '2019-07-25 19:25:00', NULL),
(121, 0.691031, 0.67754, 0.701338, 76, '2019-07-25 19:27:18', '2019-07-25 19:27:18', NULL),
(122, 0.739382, 0.723352, 0.750218, 77, '2019-07-25 19:27:18', '2019-07-25 19:27:18', NULL),
(123, 0.849018, 0.827927, 0.858901, 78, '2019-07-25 19:27:18', '2019-07-25 19:27:18', NULL),
(124, 0.749651, 0.769072, 0.759173, 79, '2019-07-25 19:27:18', '2019-07-25 19:27:18', NULL),
(125, 0.776909, 0.752546, 0.787163, 80, '2019-07-25 19:27:18', '2019-07-25 19:27:18', NULL),
(126, 0.836503, 0.821101, 0.833394, 81, '2019-07-25 19:27:18', '2019-07-25 19:27:18', NULL),
(127, 0.878661, 0.864089, 0.890807, 82, '2019-07-25 19:27:18', '2019-07-25 19:27:18', NULL),
(128, 0.757506, 0.743412, 0.766622, 83, '2019-07-25 19:27:19', '2019-07-25 19:27:19', NULL),
(129, 0.817425, 0.806793, 0.813559, 84, '2019-07-25 19:27:19', '2019-07-25 19:27:19', NULL),
(130, 0.734996, 0.725509, 0.744033, 85, '2019-07-25 19:27:19', '2019-07-25 19:27:19', NULL),
(131, 0.664263, 0.646528, 0.674492, 86, '2019-07-25 19:27:19', '2019-07-25 19:27:19', NULL),
(132, 0.702676, 0.680833, 0.700019, 87, '2019-07-25 19:27:19', '2019-07-25 19:27:19', NULL),
(133, 0.527482, 0.550518, 0.536412, 88, '2019-07-25 19:27:19', '2019-07-25 19:27:19', NULL),
(134, 0.68054, 0.669326, 0.68693, 89, '2019-07-25 19:27:19', '2019-07-25 19:27:19', NULL),
(135, 0.770154, 0.735191, 0.775894, 90, '2019-07-25 19:27:19', '2019-07-25 19:27:19', NULL),
(136, 0.765814, 0.740165, 0.769362, 91, '2019-07-25 19:27:19', '2019-07-25 19:27:19', NULL),
(137, 0.702945, 0.697751, 0.706921, 92, '2019-07-25 19:27:19', '2019-07-25 19:27:19', NULL),
(138, 0.692686, 0.6834, 0.702915, 93, '2019-07-25 19:27:19', '2019-07-25 19:27:19', NULL),
(139, 0.714938, 0.699523, 0.723139, 94, '2019-07-25 19:27:19', '2019-07-25 19:27:19', NULL),
(140, 0.714938, 0.699523, 0.723139, 95, '2019-07-25 19:27:19', '2019-07-25 19:27:19', NULL),
(141, 0.691031, 0.67754, 0.701338, 76, '2021-01-19 15:34:08', '2021-01-19 15:34:08', NULL),
(142, 0.739382, 0.723352, 0.750218, 77, '2021-01-19 15:34:08', '2021-01-19 15:34:08', NULL),
(143, 0.849018, 0.827927, 0.858901, 78, '2021-01-19 15:34:08', '2021-01-19 15:34:08', NULL),
(144, 0.749651, 0.769072, 0.759173, 79, '2021-01-19 15:34:08', '2021-01-19 15:34:08', NULL),
(145, 0.776909, 0.752546, 0.787163, 80, '2021-01-19 15:34:08', '2021-01-19 15:34:08', NULL),
(146, 0.836503, 0.821101, 0.833394, 81, '2021-01-19 15:34:08', '2021-01-19 15:34:08', NULL),
(147, 0.878661, 0.864089, 0.890807, 82, '2021-01-19 15:34:08', '2021-01-19 15:34:08', NULL),
(148, 0.757506, 0.743412, 0.766622, 83, '2021-01-19 15:34:08', '2021-01-19 15:34:08', NULL),
(149, 0.817425, 0.806793, 0.813559, 84, '2021-01-19 15:34:08', '2021-01-19 15:34:08', NULL),
(150, 0.734996, 0.725509, 0.744033, 85, '2021-01-19 15:34:09', '2021-01-19 15:34:09', NULL),
(151, 0.664263, 0.646528, 0.674492, 86, '2021-01-19 15:34:09', '2021-01-19 15:34:09', NULL),
(152, 0.702676, 0.680833, 0.700019, 87, '2021-01-19 15:34:09', '2021-01-19 15:34:09', NULL),
(153, 0.527482, 0.550518, 0.536412, 88, '2021-01-19 15:34:09', '2021-01-19 15:34:09', NULL),
(154, 0.68054, 0.669326, 0.68693, 89, '2021-01-19 15:34:09', '2021-01-19 15:34:09', NULL),
(155, 0.770154, 0.735191, 0.775894, 90, '2021-01-19 15:34:09', '2021-01-19 15:34:09', NULL),
(156, 0.765814, 0.740165, 0.769362, 91, '2021-01-19 15:34:09', '2021-01-19 15:34:09', NULL),
(157, 0.702945, 0.697751, 0.706921, 92, '2021-01-19 15:34:09', '2021-01-19 15:34:09', NULL),
(158, 0.692686, 0.6834, 0.702915, 93, '2021-01-19 15:34:09', '2021-01-19 15:34:09', NULL),
(159, 0.714938, 0.699523, 0.723139, 94, '2021-01-19 15:34:09', '2021-01-19 15:34:09', NULL),
(160, 0.714938, 0.699523, 0.723139, 95, '2021-01-19 15:34:09', '2021-01-19 15:34:09', NULL);

-- --------------------------------------------------------

--
-- Struktur dari tabel `password_resets`
--

CREATE TABLE `password_resets` (
  `email` varchar(191) COLLATE utf8mb4_unicode_ci NOT NULL,
  `token` varchar(191) COLLATE utf8mb4_unicode_ci NOT NULL,
  `created_at` timestamp NULL DEFAULT NULL
) ENGINE=InnoDB DEFAULT CHARSET=utf8mb4 COLLATE=utf8mb4_unicode_ci;

-- --------------------------------------------------------

--
-- Struktur dari tabel `pengumuman`
--

CREATE TABLE `pengumuman` (
  `id` int(10) UNSIGNED NOT NULL,
  `judul` varchar(191) COLLATE utf8mb4_unicode_ci NOT NULL,
  `isi` text COLLATE utf8mb4_unicode_ci NOT NULL,
  `id_user` int(10) UNSIGNED NOT NULL,
  `created_at` timestamp NULL DEFAULT NULL,
  `updated_at` timestamp NULL DEFAULT NULL,
  `deleted_at` timestamp NULL DEFAULT NULL
) ENGINE=InnoDB DEFAULT CHARSET=utf8mb4 COLLATE=utf8mb4_unicode_ci;

--
-- Dumping data untuk tabel `pengumuman`
--

INSERT INTO `pengumuman` (`id`, `judul`, `isi`, `id_user`, `created_at`, `updated_at`, `deleted_at`) VALUES
(4, 'Lorem ipsum dolor sit amet', 'Lorem ipsum dolor sit amet', 72, '2019-05-02 05:06:30', '2019-05-02 05:06:30', NULL);

-- --------------------------------------------------------

--
-- Struktur dari tabel `psikotest`
--

CREATE TABLE `psikotest` (
  `id` int(10) UNSIGNED NOT NULL,
  `psikotest_code` varchar(191) COLLATE utf8mb4_unicode_ci NOT NULL,
  `status` tinyint(1) NOT NULL,
  `deleted_at` timestamp NULL DEFAULT NULL,
  `created_at` timestamp NULL DEFAULT NULL,
  `updated_at` timestamp NULL DEFAULT NULL
) ENGINE=InnoDB DEFAULT CHARSET=utf8mb4 COLLATE=utf8mb4_unicode_ci;

-- --------------------------------------------------------

--
-- Struktur dari tabel `record_kriteria_peminatan`
--

CREATE TABLE `record_kriteria_peminatan` (
  `id` int(10) UNSIGNED NOT NULL,
  `id_kriteria_peminatan` int(10) UNSIGNED NOT NULL,
  `angkatan` char(5) COLLATE utf8mb4_unicode_ci NOT NULL,
  `created_at` timestamp NULL DEFAULT NULL,
  `updated_at` timestamp NULL DEFAULT NULL,
  `deleted_at` timestamp NULL DEFAULT NULL
) ENGINE=InnoDB DEFAULT CHARSET=utf8mb4 COLLATE=utf8mb4_unicode_ci;

--
-- Dumping data untuk tabel `record_kriteria_peminatan`
--

INSERT INTO `record_kriteria_peminatan` (`id`, `id_kriteria_peminatan`, `angkatan`, `created_at`, `updated_at`, `deleted_at`) VALUES
(1, 1, '2018', '2019-07-13 12:23:16', '2019-07-13 12:23:16', NULL);

-- --------------------------------------------------------

--
-- Struktur dari tabel `rekomendasi_peminatan`
--

CREATE TABLE `rekomendasi_peminatan` (
  `id` int(10) UNSIGNED NOT NULL,
  `rekomendasi_1` varchar(191) COLLATE utf8mb4_unicode_ci NOT NULL,
  `rekomendasi_2` varchar(191) COLLATE utf8mb4_unicode_ci NOT NULL,
  `rekomendasi_3` varchar(191) COLLATE utf8mb4_unicode_ci NOT NULL,
  `id_user` int(10) UNSIGNED NOT NULL,
  `created_at` timestamp NULL DEFAULT NULL,
  `updated_at` timestamp NULL DEFAULT NULL,
  `deleted_at` timestamp NULL DEFAULT NULL
) ENGINE=InnoDB DEFAULT CHARSET=utf8mb4 COLLATE=utf8mb4_unicode_ci;

--
-- Dumping data untuk tabel `rekomendasi_peminatan`
--

INSERT INTO `rekomendasi_peminatan` (`id`, `rekomendasi_1`, `rekomendasi_2`, `rekomendasi_3`, `id_user`, `created_at`, `updated_at`, `deleted_at`) VALUES
(81, 'Bahasa dan Budaya', 'MIPA', 'IPS', 76, '2019-07-13 14:54:51', '2019-07-13 14:54:51', NULL),
(82, 'Bahasa dan Budaya', 'MIPA', 'IPS', 77, '2019-07-13 14:54:51', '2019-07-13 14:54:51', NULL),
(83, 'Bahasa dan Budaya', 'MIPA', 'IPS', 78, '2019-07-13 14:54:51', '2019-07-13 14:54:51', NULL),
(84, 'IPS', 'Bahasa dan Budaya', 'MIPA', 79, '2019-07-13 14:54:51', '2019-07-13 14:54:51', NULL),
(85, 'Bahasa dan Budaya', 'MIPA', 'IPS', 80, '2019-07-13 14:54:51', '2019-07-13 14:54:51', NULL),
(86, 'MIPA', 'Bahasa dan Budaya', 'IPS', 81, '2019-07-13 14:54:51', '2019-07-13 14:54:51', NULL),
(87, 'Bahasa dan Budaya', 'MIPA', 'IPS', 82, '2019-07-13 14:54:51', '2019-07-13 14:54:51', NULL),
(88, 'Bahasa dan Budaya', 'MIPA', 'IPS', 83, '2019-07-13 14:54:51', '2019-07-13 14:54:51', NULL),
(89, 'MIPA', 'Bahasa dan Budaya', 'IPS', 84, '2019-07-13 14:54:51', '2019-07-13 14:54:51', NULL),
(90, 'Bahasa dan Budaya', 'MIPA', 'IPS', 85, '2019-07-13 14:54:51', '2019-07-13 14:54:51', NULL),
(91, 'Bahasa dan Budaya', 'MIPA', 'IPS', 86, '2019-07-13 14:54:51', '2019-07-13 14:54:51', NULL),
(92, 'MIPA', 'Bahasa dan Budaya', 'IPS', 87, '2019-07-13 14:54:51', '2019-07-13 14:54:51', NULL),
(93, 'IPS', 'Bahasa dan Budaya', 'MIPA', 88, '2019-07-13 14:54:51', '2019-07-13 14:54:51', NULL),
(94, 'Bahasa dan Budaya', 'MIPA', 'IPS', 89, '2019-07-13 14:54:51', '2019-07-13 14:54:51', NULL),
(95, 'Bahasa dan Budaya', 'MIPA', 'IPS', 90, '2019-07-13 14:54:51', '2019-07-13 14:54:51', NULL),
(96, 'Bahasa dan Budaya', 'MIPA', 'IPS', 91, '2019-07-13 14:54:52', '2019-07-13 14:54:52', NULL),
(97, 'Bahasa dan Budaya', 'MIPA', 'IPS', 92, '2019-07-13 14:54:52', '2019-07-13 14:54:52', NULL),
(98, 'Bahasa dan Budaya', 'MIPA', 'IPS', 93, '2019-07-13 14:54:52', '2019-07-13 14:54:52', NULL),
(99, 'Bahasa dan Budaya', 'MIPA', 'IPS', 94, '2019-07-13 14:54:52', '2019-07-13 14:54:52', NULL),
(100, 'Bahasa dan Budaya', 'MIPA', 'IPS', 95, '2019-07-13 14:54:52', '2019-07-13 14:54:52', NULL),
(101, 'Bahasa dan Budaya', 'MIPA', 'IPS', 76, '2021-01-19 15:34:09', '2021-01-19 15:34:09', NULL),
(102, 'Bahasa dan Budaya', 'MIPA', 'IPS', 77, '2021-01-19 15:34:09', '2021-01-19 15:34:09', NULL),
(103, 'Bahasa dan Budaya', 'MIPA', 'IPS', 78, '2021-01-19 15:34:09', '2021-01-19 15:34:09', NULL),
(104, 'IPS', 'Bahasa dan Budaya', 'MIPA', 79, '2021-01-19 15:34:09', '2021-01-19 15:34:09', NULL),
(105, 'Bahasa dan Budaya', 'MIPA', 'IPS', 80, '2021-01-19 15:34:09', '2021-01-19 15:34:09', NULL),
(106, 'MIPA', 'Bahasa dan Budaya', 'IPS', 81, '2021-01-19 15:34:09', '2021-01-19 15:34:09', NULL),
(107, 'Bahasa dan Budaya', 'MIPA', 'IPS', 82, '2021-01-19 15:34:09', '2021-01-19 15:34:09', NULL),
(108, 'Bahasa dan Budaya', 'MIPA', 'IPS', 83, '2021-01-19 15:34:09', '2021-01-19 15:34:09', NULL),
(109, 'MIPA', 'Bahasa dan Budaya', 'IPS', 84, '2021-01-19 15:34:09', '2021-01-19 15:34:09', NULL),
(110, 'Bahasa dan Budaya', 'MIPA', 'IPS', 85, '2021-01-19 15:34:09', '2021-01-19 15:34:09', NULL),
(111, 'Bahasa dan Budaya', 'MIPA', 'IPS', 86, '2021-01-19 15:34:09', '2021-01-19 15:34:09', NULL),
(112, 'MIPA', 'Bahasa dan Budaya', 'IPS', 87, '2021-01-19 15:34:09', '2021-01-19 15:34:09', NULL),
(113, 'IPS', 'Bahasa dan Budaya', 'MIPA', 88, '2021-01-19 15:34:09', '2021-01-19 15:34:09', NULL),
(114, 'Bahasa dan Budaya', 'MIPA', 'IPS', 89, '2021-01-19 15:34:10', '2021-01-19 15:34:10', NULL),
(115, 'Bahasa dan Budaya', 'MIPA', 'IPS', 90, '2021-01-19 15:34:10', '2021-01-19 15:34:10', NULL),
(116, 'Bahasa dan Budaya', 'MIPA', 'IPS', 91, '2021-01-19 15:34:10', '2021-01-19 15:34:10', NULL),
(117, 'Bahasa dan Budaya', 'MIPA', 'IPS', 92, '2021-01-19 15:34:10', '2021-01-19 15:34:10', NULL),
(118, 'Bahasa dan Budaya', 'MIPA', 'IPS', 93, '2021-01-19 15:34:10', '2021-01-19 15:34:10', NULL),
(119, 'Bahasa dan Budaya', 'MIPA', 'IPS', 94, '2021-01-19 15:34:10', '2021-01-19 15:34:10', NULL),
(120, 'Bahasa dan Budaya', 'MIPA', 'IPS', 95, '2021-01-19 15:34:10', '2021-01-19 15:34:10', NULL);

-- --------------------------------------------------------

--
-- Struktur dari tabel `rombel`
--

CREATE TABLE `rombel` (
  `id` int(10) UNSIGNED NOT NULL,
  `nama_rombel` varchar(191) COLLATE utf8mb4_unicode_ci NOT NULL,
  `wali_kelas` varchar(191) COLLATE utf8mb4_unicode_ci NOT NULL,
  `jumlah_siswa` int(11) DEFAULT '0',
  `kuota_kelas` int(11) NOT NULL,
  `peminatan` varchar(191) COLLATE utf8mb4_unicode_ci NOT NULL,
  `tahun_ajar` varchar(10) COLLATE utf8mb4_unicode_ci NOT NULL,
  `created_at` timestamp NULL DEFAULT NULL,
  `updated_at` timestamp NULL DEFAULT NULL,
  `deleted_at` timestamp NULL DEFAULT NULL
) ENGINE=InnoDB DEFAULT CHARSET=utf8mb4 COLLATE=utf8mb4_unicode_ci;

--
-- Dumping data untuk tabel `rombel`
--

INSERT INTO `rombel` (`id`, `nama_rombel`, `wali_kelas`, `jumlah_siswa`, `kuota_kelas`, `peminatan`, `tahun_ajar`, `created_at`, `updated_at`, `deleted_at`) VALUES
(23, 'MIPA 1 6118', 'Dra. Anita Christina, M.Pd', 0, 30, 'MIPA', '2018', '2019-05-02 02:55:24', '2019-05-02 02:55:24', NULL),
(24, 'MIPA 2 6118', 'Sulistyorini Dwi Ratih, S.Pd', 0, 30, 'MIPA', '2018', '2019-05-02 02:55:24', '2019-05-02 02:55:24', NULL),
(25, 'MIPA 3 6118', 'Dra. Sulistyorini', 0, 30, 'MIPA', '2018', '2019-05-02 02:55:24', '2019-05-02 02:55:24', NULL),
(26, 'MIPA 4 6118', 'Drs. Eko Setyono', 0, 30, 'MIPA', '2018', '2019-05-02 02:55:25', '2019-05-02 02:55:25', NULL),
(27, 'IPS 1 6118', 'Warsono, S.Kom', 0, 30, 'IPS', '2018', '2019-05-02 02:55:25', '2019-05-02 02:55:25', NULL),
(28, 'IPS 2 6118', 'Sri Agus Rahayuningsih, S.Ag', 0, 30, 'IPS', '2018', '2019-05-02 02:55:25', '2019-05-02 02:55:25', NULL),
(29, 'IPS 3 6118', 'Yatmiarsih, S.Pd', 0, 30, 'IPS', '2018', '2019-05-02 02:55:25', '2019-05-02 02:55:25', NULL),
(30, 'IPS 4 6118', 'Ichwan Helamy, S.S', 0, 30, 'IPS', '2018', '2019-05-02 02:55:25', '2019-05-02 02:55:25', NULL),
(31, 'IPS 5 6118', 'Dra. Listyaningsih', 0, 30, 'IPS', '2018', '2019-05-02 02:55:25', '2019-05-02 02:55:25', NULL),
(32, 'Bahasa dan Budaya 6118', 'Virginia Rooselyne P., S.Pd', 1, 30, 'Bahasa dan Budaya', '2018', '2019-05-02 02:55:25', '2021-01-19 15:37:17', NULL);

-- --------------------------------------------------------

--
-- Struktur dari tabel `soal_psikotest`
--

CREATE TABLE `soal_psikotest` (
  `id` int(10) UNSIGNED NOT NULL,
  `soal` text COLLATE utf8mb4_unicode_ci NOT NULL,
  `gambar` varchar(191) COLLATE utf8mb4_unicode_ci DEFAULT NULL,
  `a` varchar(191) COLLATE utf8mb4_unicode_ci NOT NULL,
  `b` varchar(191) COLLATE utf8mb4_unicode_ci NOT NULL,
  `c` varchar(191) COLLATE utf8mb4_unicode_ci NOT NULL,
  `d` varchar(191) COLLATE utf8mb4_unicode_ci NOT NULL,
  `e` varchar(191) COLLATE utf8mb4_unicode_ci NOT NULL,
  `jawaban` varchar(191) COLLATE utf8mb4_unicode_ci NOT NULL,
  `id_psikotest` int(10) UNSIGNED NOT NULL,
  `deleted_at` timestamp NULL DEFAULT NULL,
  `created_at` timestamp NULL DEFAULT NULL,
  `updated_at` timestamp NULL DEFAULT NULL
) ENGINE=InnoDB DEFAULT CHARSET=utf8mb4 COLLATE=utf8mb4_unicode_ci;

-- --------------------------------------------------------

--
-- Struktur dari tabel `users`
--

CREATE TABLE `users` (
  `id` int(10) UNSIGNED NOT NULL,
  `no_induk` varchar(191) COLLATE utf8mb4_unicode_ci NOT NULL,
  `id_rombel` int(10) UNSIGNED DEFAULT NULL,
  `name` varchar(191) COLLATE utf8mb4_unicode_ci NOT NULL,
  `password` varchar(191) COLLATE utf8mb4_unicode_ci NOT NULL,
  `temp_password` varchar(50) COLLATE utf8mb4_unicode_ci DEFAULT NULL,
  `email` varchar(191) COLLATE utf8mb4_unicode_ci DEFAULT NULL,
  `no_telepon` varchar(191) COLLATE utf8mb4_unicode_ci DEFAULT NULL,
  `alamat` varchar(191) COLLATE utf8mb4_unicode_ci DEFAULT NULL,
  `jenis_kelamin` varchar(191) COLLATE utf8mb4_unicode_ci DEFAULT NULL,
  `tgl_lahir` date DEFAULT NULL,
  `angkatan` varchar(191) COLLATE utf8mb4_unicode_ci DEFAULT NULL,
  `periode` varchar(15) COLLATE utf8mb4_unicode_ci DEFAULT NULL,
  `asal_sekolah` varchar(191) COLLATE utf8mb4_unicode_ci DEFAULT NULL,
  `role` varchar(191) COLLATE utf8mb4_unicode_ci DEFAULT NULL,
  `remember_token` varchar(100) COLLATE utf8mb4_unicode_ci DEFAULT NULL,
  `created_at` timestamp NULL DEFAULT NULL,
  `updated_at` timestamp NULL DEFAULT NULL,
  `deleted_at` timestamp NULL DEFAULT NULL
) ENGINE=InnoDB DEFAULT CHARSET=utf8mb4 COLLATE=utf8mb4_unicode_ci;

--
-- Dumping data untuk tabel `users`
--

INSERT INTO `users` (`id`, `no_induk`, `id_rombel`, `name`, `password`, `temp_password`, `email`, `no_telepon`, `alamat`, `jenis_kelamin`, `tgl_lahir`, `angkatan`, `periode`, `asal_sekolah`, `role`, `remember_token`, `created_at`, `updated_at`, `deleted_at`) VALUES
(71, 'admin', NULL, 'Administrator', '$2y$10$d0pzkrdkG0w656CpCcO/n.0QCzs8xYGjVB0V/UsbMA/XPslCAa3aO', NULL, 'admin@gmail.com', '0214-5689-8790', 'Jl. Soekarno Hatta, gg 19, no.34, Klojen, Jawa Timur', 'L', '1994-07-12', NULL, NULL, NULL, 'Admin', 'T37lqgnxndH43g9baZws5xhiVWkbuKzEuqqFPdTRfLUetr4ohir5ibQnGJ4d', '2019-03-12 23:46:31', '2019-11-25 20:33:19', '2019-11-25 20:33:19'),
(72, 'timppdb', NULL, 'Tim PPDB', '$2y$10$jNvk9jDiJuY7vOgqKfgLLuQiw57XnYqo9rIZB3fdYPTfG63WEmWK6', 'JY1kJHHe', 'timppdb@gmail.com', '0821-3874-5895', 'Jl. Soekarno Hatta', 'L', '2019-03-05', NULL, '2019 - 2020', NULL, 'Tim PPDB', 'eF18ZpWo0K1xRnA2MYZff3CvvIGtS3XvPapEUHlrdWqaNXnCUqfrUqNzyqk1', '2019-03-12 23:58:48', '2019-11-26 23:17:50', NULL),
(76, '1234567801', 32, 'Siswa 1', '$2y$10$3peqYAgrCZfWsLln3uUEzuE4Uum/0LnJUvVBa9ZhX74.gz8emS9sq', '9ushWFaL', 'siswa@gmail.com', '0865-1234-4321', 'Jl. Soekarno Hatta, no 4', 'L', '2000-05-16', '2018', NULL, 'SMPN Malang', 'Siswa', 'omU5xiiTLJRA5C304cbG4zHFtGlQ6duZCOJGn0eNUrWKIajIBXaJqhxRnISl', '2019-05-02 02:37:48', '2021-01-19 15:37:17', NULL),
(77, '1234567802', NULL, 'Siswa 2', '$2y$10$4HxXEXTtARKEDCkOkuwQUuq84F5lupX8MfgwSAGYYVH8lMhllcW26', '5IJFmkMZ', 'siswa@gmail.com', '0865-1234-4321', NULL, 'L', NULL, '2018', NULL, NULL, 'Siswa', 'ZYnELdXEXLYcQx0t6k1Dt1GdjMstk5UmBagmVjzkdAv012E7zHf2i2EMBoST', '2019-05-02 02:37:48', '2019-05-02 02:37:48', NULL),
(78, '1234567803', NULL, 'Siswa 3', '$2y$10$O30fJs7Y7CwwM2ObGHTIKO7oZKTgOaonsvasqdVOunJngIerZ7ftq', 'SlZ24T7z', 'siswa@gmail.com', '0865-1234-4321', NULL, 'L', NULL, '2018', NULL, NULL, 'Siswa', '0lVSgvYxAWVmL8fc6JWTX5ubRjhngzB4BIlH8DsV50NSKeHRxJRGCPViAnfp', '2019-05-02 02:37:48', '2019-07-13 14:52:36', NULL),
(79, '1234567804', NULL, 'Siswa 4', '$2y$10$A0gHENgm6gRMakD/RvJd8unk.aGsL3KYgc7uE4y22fdPRKUt/fhqW', 'wtFITAmW', 'siswa@gmail.com', '0865-1234-4321', NULL, 'L', NULL, '2018', NULL, NULL, 'Siswa', '62zjWGFKCTHSx9qRob3pfov7SXCCcwREWq5CBnHuafQTHIWWxJ2CB9zF96qH', '2019-05-02 02:37:48', '2019-05-02 02:37:48', NULL),
(80, '1234567805', NULL, 'Siswa 5', '$2y$10$hxhpVsSk3KWXwSpOIqHrR.5gpMQZGuY9IiaCi/OxCVrgQhlkn.0li', 'dPOV3KkK', 'siswa@gmail.com', '0865-1234-4321', NULL, 'L', NULL, '2018', NULL, NULL, 'Siswa', 'iTKIWqUmTtjo43zZdZttlaDU6TjBmeMiBZwM5q2S1njmgI3ZBnbQAIRdXhzv', '2019-05-02 02:37:48', '2019-05-02 02:37:48', NULL),
(81, '1234567806', NULL, 'Siswa 6', '$2y$10$q2oDOmBXH7eX3i43Jk9P4Oj/s4cpMtA9AnroHOcI.q1iR9mhyErmi', 'LxG1Xhps', 'siswa@gmail.com', '0865-1234-4321', NULL, 'L', NULL, '2018', NULL, NULL, 'Siswa', 'fkviuAPL1t9yVgpkLuQF0BfPi1oEZjDpLzFt0MvMTk1ZZ1IK0asd3mFY7EI4', '2019-05-02 02:37:49', '2019-05-02 02:37:49', NULL),
(82, '1234567807', NULL, 'Siswa 7', '$2y$10$zpMRRYe7.x0MsHA9PNE/v.2jLEhtt67U/CSg/hOsfXYbsApOE3ium', 'vHDKJ9Gq', 'siswa@gmail.com', '0865-1234-4321', NULL, 'L', NULL, '2018', NULL, NULL, 'Siswa', 'N61FiOpCwtLLHbtuofkGufHBuqLgEcX9UJ9LJ1cJ7qkITykjVecwVqi5iqZB', '2019-05-02 02:37:49', '2019-07-13 14:52:39', NULL),
(83, '1234567808', NULL, 'Siswa 8', '$2y$10$NlqlLYLg8HqL.IDEJ2tPVOOIlQb.DANYkMaUw7n2OUURagihhj89C', 'OxvxyMFJ', 'siswa@gmail.com', '0865-1234-4321', NULL, 'L', NULL, '2018', NULL, NULL, 'Siswa', 'kq3dPriWCl13juQOaHBjlhEN9i4iVi1d4z0f15XpIkV9kWwtXvZXkGv7vnnb', '2019-05-02 02:37:49', '2019-05-02 02:37:49', NULL),
(84, '1234567809', NULL, 'Siswa 9', '$2y$10$Agdn2WZajBJar/kFTOaSVeHKrFNUqk9PkzZEp/6OJFxgke0bXkoH6', 'RIA4d9Me', 'siswa@gmail.com', '0865-1234-4321', NULL, 'L', NULL, '2018', NULL, NULL, 'Siswa', 'HqJCMIXAi0YGzp9LWxidR0OqHFaiGMKU43emw41mxhGC0tQQsQ1Z2GulIXZD', '2019-05-02 02:37:49', '2019-05-02 02:37:49', NULL),
(85, '1234567810', NULL, 'Siswa 10', '$2y$10$m8jCQaabXjED0LmlRUWBJ.NPJlKNjkiQYUNcl6Vb/0LguddLD4roq', 'Jno6TC35', 'siswa@gmail.com', '0865-1234-4321', NULL, 'L', NULL, '2018', NULL, NULL, 'Siswa', 'zHDXRqRkJPKmltqlWAS9gEVfFYUGr7BwCtDm5k2qrPZ2yrompgP4GWNOuPvX', '2019-05-02 02:37:49', '2019-05-02 02:37:49', NULL),
(86, '1234567811', NULL, 'Siswa 11', '$2y$10$ojbCyyHtQY6ko3KFq8VFWuUI0JufS0bzb5DD69gFQAKgHKhbdbL7C', 'wVJ75Y6B', 'siswa@gmail.com', '0865-1234-4321', NULL, 'L', NULL, '2018', NULL, NULL, 'Siswa', 'rof5S4L0qOJFQi3UUVh01cUngWOFb0Id2HxthBI4n1v5IFlTgP1cPqCTIjT3', '2019-05-02 02:37:49', '2019-05-02 02:37:49', NULL),
(87, '1234567812', NULL, 'Siswa 12', '$2y$10$vh/k1ha7IfzwAQ2Q3ie.iewPuhnjNI3NKtIWap1qKF8mDp07mcLbK', 'VHwFtNMF', 'siswa@gmail.com', '0865-1234-4321', NULL, 'L', NULL, '2018', NULL, NULL, 'Siswa', 'eeq3YUKPkl3IznPLMHPNTufvoYaA6WkraZKqM4EtpmIA6NWPhTKs7C4WSi0G', '2019-05-02 02:37:50', '2019-05-02 02:37:50', NULL),
(88, '1234567813', NULL, 'Siswa 13', '$2y$10$H01/JDBQ/N6UOAYHUkA8aueh7bvYp/ox1Cl5vnej/dlZwMK0QQYx.', 'wgRTTRoT', 'siswa@gmail.com', '0865-1234-4321', NULL, 'L', NULL, '2018', NULL, NULL, 'Siswa', '5UqMH5u3Z7IQ66ywTFNC5pG9EhX2uSQ2GoeAlHnmryp3NrXTuAxzRI4PJPAG', '2019-05-02 02:37:50', '2019-05-02 02:37:50', NULL),
(89, '1234567814', NULL, 'Siswa 14', '$2y$10$Kxb3P0W.xo.KMg3uFuR77eXSJ95cfAmfK1f5Ok9akTGxsHOEIcj6.', 'GNxeGu6y', 'siswa@gmail.com', '0865-1234-4321', NULL, 'L', NULL, '2018', NULL, NULL, 'Siswa', 'TXKecJtDTyxXcXt0lzzNPlPZLH9lFqoJyPhTKQ4TGxdOpzBZA5v9AQ8sEzI7', '2019-05-02 02:37:50', '2019-05-02 02:37:50', NULL),
(90, '1234567815', NULL, 'Siswa 15', '$2y$10$ST7PIOsEyNvg8OIFg6WvH.3fu8TSY9f0Tf/ObOBSL6/7YXr.8bUie', 'tH8eEbmF', 'siswa@gmail.com', '0865-1234-4321', NULL, 'L', NULL, '2018', NULL, NULL, 'Siswa', 'SUc56PQGgwFcRZPr1stU66ouB3ao5Gcn5SE8UMLihYx7I7gndxKTsqm6uRTG', '2019-05-02 02:37:50', '2019-05-02 02:37:50', NULL),
(91, '1234567816', NULL, 'Siswa 16', '$2y$10$A/19ScBcI07ykq6pnNodIu8v881KGcvqP5YwqWSBUkmErwftEfGmC', 'hFyrQcm1', 'siswa@gmail.com', '0865-1234-4321', NULL, 'L', NULL, '2018', NULL, NULL, 'Siswa', 'QeUEz5njoIehqoOeqhaD7vSZpbfxLaGVgHl2W26x0B2dxMj2Ef1oa6uziMjO', '2019-05-02 02:37:50', '2019-05-02 02:37:50', NULL),
(92, '1234567817', NULL, 'Siswa 17', '$2y$10$esP2InFhXNTsGW0TXwZ26uVcddW4kdURbgrL5cV9Xx2MfAOizaRSK', 'ogCPQQfy', 'siswa@gmail.com', '0865-1234-4321', NULL, 'L', NULL, '2018', NULL, NULL, 'Siswa', 'BxCQwf3w2LYGhievHsKeDyOaltBpAz7rF9NVInHiZ3IskEEnWtJKoMUZb2Pn', '2019-05-02 02:37:50', '2019-05-02 02:37:50', NULL),
(93, '1234567818', NULL, 'Siswa 18', '$2y$10$riiKQhwXlNfjryyylrseoeC7f.SRyacG73xkI4FuAGkLPbruaEWKS', '41zZCGlf', 'siswa@gmail.com', '0865-1234-4321', NULL, 'L', NULL, '2018', NULL, NULL, 'Siswa', 'wnN188SjCw9mS444ZJdmEsFaijb61ybm6NpuHWKbPhu9Xvn5oYPxUL6dNgBV', '2019-05-02 02:37:51', '2019-05-02 02:37:51', NULL),
(94, '1234567819', NULL, 'Siswa 19', '$2y$10$2OAZ7uy4g9LJ6emls3Q7ReJ.fKWPOYe.TM4F2ga1xuCMio1nfKwh2', '4IppRDh7', 'siswa@gmail.com', '0865-1234-4321', NULL, 'L', NULL, '2018', NULL, NULL, 'Siswa', '7vEyqw8gCLPVILk4isa5o0WqmoLcgyIP7eMHw03UGFet78OwiGbPFO9Fb6DP', '2019-05-02 02:37:51', '2019-05-02 02:37:51', NULL),
(95, '1234567820', NULL, 'Siswa 20', '$2y$10$5JFQGN8OAFju5ecdxCHJfu6Mf3uydaUdsQZgk4EjrE3PUrTUgCGa2', '54vkHFCS', 'siswa@gmail.com', '0865-1234-4321', NULL, 'L', NULL, '2018', NULL, NULL, 'Siswa', '6dknOcsnjRSACoFUX6007TVQIDxnGexSb20hW1vb3VWnfLi7418v7eKtYoRN', '2019-05-02 02:37:51', '2019-05-02 02:37:51', NULL),
(96, 'wakakurikulum', NULL, 'Waka Kurikulum', '$2y$10$oonlbFkWBfPeNm9mnXhLYujbe2m3OCM50O/3D6kMVBXYivFkUjKXe', 'mkasjZIh', 'wakakurikulum@mail.com', '0852-7865-3940', 'jl. soekarno hatta no 18', 'L', '2019-07-17', NULL, '2019 - 2020', NULL, 'Waka Kurikulum', 'aRe3pdM4ADm3UEQRLjjZiey60LQKQFOGkcoFalvqK8ZB5pzGEPqcbEdEJgu8', '2019-07-13 09:18:38', '2019-11-25 21:27:36', NULL),
(97, 'admin2', NULL, 'Administrator', '$2y$10$SKLK0XMu8/W9znP8ShqVi.OfQInGflWEOdo4pqeRMO9y0CYnDiY2i', 'password', 'admin@gmail.com', '24234', 'ldsjalfjsd', 'L', '2019-07-18', NULL, '2019 - 2020', NULL, 'Admin', 'bgelJRKjpns2zCQWfd8Jodr5H9Sc7D3JoKA7We0ErLFuR3rBFI6IUvtnt8DE', '2019-11-11 17:00:00', '2019-11-26 23:13:48', NULL),
(98, 'admin3', NULL, 'Anonymous', '$2y$10$dTfmK.k90b8d3k8aDML2xevVQ5UcoesyNxLIAc7KMRrqouFSYLVpS', NULL, 'admin@admin.com', '0831-3453-4534', 'Jl. Alamat, No. 36', 'L', '1995-07-20', NULL, NULL, NULL, 'Admin', NULL, '2019-11-26 04:52:30', '2019-11-26 04:52:30', NULL);

--
-- Indexes for dumped tables
--

--
-- Indeks untuk tabel `angket_peminatan`
--
ALTER TABLE `angket_peminatan`
  ADD PRIMARY KEY (`id`),
  ADD KEY `id_kriteria` (`id_kriteria`),
  ADD KEY `id_user` (`id_user`);

--
-- Indeks untuk tabel `kriteria`
--
ALTER TABLE `kriteria`
  ADD PRIMARY KEY (`id`),
  ADD KEY `id_kriteria_peminatan` (`id_kriteria_peminatan`);

--
-- Indeks untuk tabel `kriteria_peminatan`
--
ALTER TABLE `kriteria_peminatan`
  ADD PRIMARY KEY (`id`);

--
-- Indeks untuk tabel `migrations`
--
ALTER TABLE `migrations`
  ADD PRIMARY KEY (`id`);

--
-- Indeks untuk tabel `nilai_peminatan`
--
ALTER TABLE `nilai_peminatan`
  ADD PRIMARY KEY (`id`),
  ADD KEY `id_user` (`id_user`);

--
-- Indeks untuk tabel `password_resets`
--
ALTER TABLE `password_resets`
  ADD KEY `password_resets_email_index` (`email`);

--
-- Indeks untuk tabel `pengumuman`
--
ALTER TABLE `pengumuman`
  ADD PRIMARY KEY (`id`),
  ADD KEY `id_user` (`id_user`);

--
-- Indeks untuk tabel `psikotest`
--
ALTER TABLE `psikotest`
  ADD PRIMARY KEY (`id`);

--
-- Indeks untuk tabel `record_kriteria_peminatan`
--
ALTER TABLE `record_kriteria_peminatan`
  ADD PRIMARY KEY (`id`),
  ADD KEY `id_kriteria_peminatan` (`id_kriteria_peminatan`);

--
-- Indeks untuk tabel `rekomendasi_peminatan`
--
ALTER TABLE `rekomendasi_peminatan`
  ADD PRIMARY KEY (`id`),
  ADD KEY `id_user` (`id_user`);

--
-- Indeks untuk tabel `rombel`
--
ALTER TABLE `rombel`
  ADD PRIMARY KEY (`id`);

--
-- Indeks untuk tabel `soal_psikotest`
--
ALTER TABLE `soal_psikotest`
  ADD PRIMARY KEY (`id`),
  ADD KEY `id_psikotest` (`id_psikotest`);

--
-- Indeks untuk tabel `users`
--
ALTER TABLE `users`
  ADD PRIMARY KEY (`id`),
  ADD UNIQUE KEY `no_induk` (`no_induk`),
  ADD KEY `id_rombel` (`id_rombel`);

--
-- AUTO_INCREMENT untuk tabel yang dibuang
--

--
-- AUTO_INCREMENT untuk tabel `angket_peminatan`
--
ALTER TABLE `angket_peminatan`
  MODIFY `id` int(10) UNSIGNED NOT NULL AUTO_INCREMENT, AUTO_INCREMENT=241;

--
-- AUTO_INCREMENT untuk tabel `kriteria`
--
ALTER TABLE `kriteria`
  MODIFY `id` int(10) UNSIGNED NOT NULL AUTO_INCREMENT, AUTO_INCREMENT=13;

--
-- AUTO_INCREMENT untuk tabel `kriteria_peminatan`
--
ALTER TABLE `kriteria_peminatan`
  MODIFY `id` int(10) UNSIGNED NOT NULL AUTO_INCREMENT, AUTO_INCREMENT=2;

--
-- AUTO_INCREMENT untuk tabel `migrations`
--
ALTER TABLE `migrations`
  MODIFY `id` int(10) UNSIGNED NOT NULL AUTO_INCREMENT, AUTO_INCREMENT=27;

--
-- AUTO_INCREMENT untuk tabel `nilai_peminatan`
--
ALTER TABLE `nilai_peminatan`
  MODIFY `id` int(10) UNSIGNED NOT NULL AUTO_INCREMENT, AUTO_INCREMENT=161;

--
-- AUTO_INCREMENT untuk tabel `pengumuman`
--
ALTER TABLE `pengumuman`
  MODIFY `id` int(10) UNSIGNED NOT NULL AUTO_INCREMENT, AUTO_INCREMENT=5;

--
-- AUTO_INCREMENT untuk tabel `psikotest`
--
ALTER TABLE `psikotest`
  MODIFY `id` int(10) UNSIGNED NOT NULL AUTO_INCREMENT;

--
-- AUTO_INCREMENT untuk tabel `record_kriteria_peminatan`
--
ALTER TABLE `record_kriteria_peminatan`
  MODIFY `id` int(10) UNSIGNED NOT NULL AUTO_INCREMENT, AUTO_INCREMENT=2;

--
-- AUTO_INCREMENT untuk tabel `rekomendasi_peminatan`
--
ALTER TABLE `rekomendasi_peminatan`
  MODIFY `id` int(10) UNSIGNED NOT NULL AUTO_INCREMENT, AUTO_INCREMENT=121;

--
-- AUTO_INCREMENT untuk tabel `rombel`
--
ALTER TABLE `rombel`
  MODIFY `id` int(10) UNSIGNED NOT NULL AUTO_INCREMENT, AUTO_INCREMENT=33;

--
-- AUTO_INCREMENT untuk tabel `soal_psikotest`
--
ALTER TABLE `soal_psikotest`
  MODIFY `id` int(10) UNSIGNED NOT NULL AUTO_INCREMENT;

--
-- AUTO_INCREMENT untuk tabel `users`
--
ALTER TABLE `users`
  MODIFY `id` int(10) UNSIGNED NOT NULL AUTO_INCREMENT, AUTO_INCREMENT=99;

--
-- Ketidakleluasaan untuk tabel pelimpahan (Dumped Tables)
--

--
-- Ketidakleluasaan untuk tabel `angket_peminatan`
--
ALTER TABLE `angket_peminatan`
  ADD CONSTRAINT `angket_peminatan_ibfk_1` FOREIGN KEY (`id_kriteria`) REFERENCES `kriteria` (`id`),
  ADD CONSTRAINT `angket_peminatan_ibfk_2` FOREIGN KEY (`id_user`) REFERENCES `users` (`id`);

--
-- Ketidakleluasaan untuk tabel `kriteria`
--
ALTER TABLE `kriteria`
  ADD CONSTRAINT `kriteria_ibfk_1` FOREIGN KEY (`id_kriteria_peminatan`) REFERENCES `kriteria_peminatan` (`id`);

--
-- Ketidakleluasaan untuk tabel `nilai_peminatan`
--
ALTER TABLE `nilai_peminatan`
  ADD CONSTRAINT `nilai_peminatan_ibfk_1` FOREIGN KEY (`id_user`) REFERENCES `users` (`id`);

--
-- Ketidakleluasaan untuk tabel `pengumuman`
--
ALTER TABLE `pengumuman`
  ADD CONSTRAINT `pengumuman_ibfk_1` FOREIGN KEY (`id_user`) REFERENCES `users` (`id`);

--
-- Ketidakleluasaan untuk tabel `record_kriteria_peminatan`
--
ALTER TABLE `record_kriteria_peminatan`
  ADD CONSTRAINT `record_kriteria_peminatan_ibfk_1` FOREIGN KEY (`id_kriteria_peminatan`) REFERENCES `kriteria_peminatan` (`id`);

--
-- Ketidakleluasaan untuk tabel `rekomendasi_peminatan`
--
ALTER TABLE `rekomendasi_peminatan`
  ADD CONSTRAINT `rekomendasi_peminatan_ibfk_1` FOREIGN KEY (`id_user`) REFERENCES `users` (`id`);

--
-- Ketidakleluasaan untuk tabel `soal_psikotest`
--
ALTER TABLE `soal_psikotest`
  ADD CONSTRAINT `soal_psikotest_ibfk_1` FOREIGN KEY (`id_psikotest`) REFERENCES `psikotest` (`id`);

--
-- Ketidakleluasaan untuk tabel `users`
--
ALTER TABLE `users`
  ADD CONSTRAINT `users_ibfk_1` FOREIGN KEY (`id_rombel`) REFERENCES `rombel` (`id`);
COMMIT;

/*!40101 SET CHARACTER_SET_CLIENT=@OLD_CHARACTER_SET_CLIENT */;
/*!40101 SET CHARACTER_SET_RESULTS=@OLD_CHARACTER_SET_RESULTS */;
/*!40101 SET COLLATION_CONNECTION=@OLD_COLLATION_CONNECTION */;
